Id,SalePrice
1461,-9493507496658684.0
1462,-1.3135971324232968e+16
1463,-7968269031179388.0
1464,-1.0825921756326558e+16
1465,-1.0413299159601276e+16
1466,-8888060694176030.0
1467,-1.0278318599084356e+16
1468,-8888060694190236.0
1469,-8888060694175338.0
1470,-9493507496670556.0
1471,-8888060694164571.0
1472,-1.235116022181825e+16
1473,-1.2351160221819974e+16
1474,-8888060694187508.0
1475,-1.0413299159661672e+16
1476,-1.0825921756257126e+16
1477,-1.2351160221739036e+16
1478,-1.0825921756295772e+16
1479,-1.0825921756302128e+16
1480,-1.0825921756178702e+16
1481,-1.0825921756263336e+16
1482,-1.0825921756340622e+16
1483,-1.041329915960866e+16
1484,-1.235116022178898e+16
1485,-8888060694181129.0
1486,-8888060694161111.0
1487,-1.0825921756254892e+16
1488,-1.0204186183939238e+16
1489,-1.0413299159609666e+16
1490,-8888060694146152.0
1491,-1.2351160221750516e+16
1492,-1.0413299159683236e+16
1493,-9906130093352938.0
1494,-1.0825921756259492e+16
1495,-1.0825921756267678e+16
1496,-8888060694147806.0
1497,-1.0731867094050436e+16
1498,-1.2669728156245422e+16
1499,-1.0731867094072476e+16
1500,-1.2669728156245184e+16
1501,-1.2351160221750648e+16
1502,-1.0413299159625822e+16
1503,-9206628628576718.0
1504,-8888060694132903.0
1505,-8888060694154369.0
1506,-1.2351160221751148e+16
1507,-8888060694093813.0
1508,-8888060694147950.0
1509,-9493507496623242.0
1510,-1.235116022179968e+16
1511,-1.0413299159629004e+16
1512,-1.1431368558776106e+16
1513,-1.0731867094076786e+16
1514,-9238128695532166.0
1515,-9906130093319582.0
1516,-1.0825921756359792e+16
1517,-1.1610732858824504e+16
1518,-1.041329915963414e+16
1519,-1.2216179661220576e+16
1520,-1.1431368558829248e+16
1521,-1.2351160221810406e+16
1522,-9906130093363902.0
1523,-1.0413299159663496e+16
1524,-1.041329915966015e+16
1525,-9493507496675730.0
1526,-1.0413299159657178e+16
1527,-1.0413299159677276e+16
1528,-9493507496633408.0
1529,-1.0413299159635666e+16
1530,-1.0825921756325894e+16
1531,-1.0825921756383992e+16
1532,-5173805439497528.0
1533,-1.0731867094082798e+16
1534,-1.0413299159643274e+16
1535,-8888060694183699.0
1536,-1.0413299159662768e+16
1537,-8888060694297811.0
1538,-1.0731867094064944e+16
1539,-1.0731867094029776e+16
1540,-7300267633408114.0
1541,-1.0413299159617234e+16
1542,-9493507496626476.0
1543,-8888060694156259.0
1544,-9493507496709048.0
1545,-9493507496664922.0
1546,-8888060694226122.0
1547,-1.0825921756376672e+16
1548,-1.0413299159625758e+16
1549,-1.0413299159646982e+16
1550,-7968269031231607.0
1551,-8888060694234270.0
1552,-8286836965680668.0
1553,-7618835567842230.0
1554,-9812075431123644.0
1555,-1.0825921756353514e+16
1556,-1.1146477969273628e+16
1557,-7300267633422167.0
1558,-9493507496693554.0
1559,-7300267633448251.0
1560,-8888060694204306.0
1561,-9238128695570764.0
1562,-1.2351160221819692e+16
1563,-1.04132991596597e+16
1564,-8888060694185218.0
1565,-7968269031213417.0
1566,-8888060694130638.0
1567,-1.0413299159709168e+16
1568,-1.082592175629848e+16
1569,-9672871796691664.0
1570,-7968269031238320.0
1571,-7968269031261091.0
1572,-1.0413299159623704e+16
1573,-1.082592175630468e+16
1574,-1.0413299159656358e+16
1575,-9906130093329826.0
1576,-1.0825921756287338e+16
1577,-1.2351160221777068e+16
1578,-1.0413299159627698e+16
1579,-9493507496648114.0
1580,-8888060694158094.0
1581,-9493507496636666.0
1582,-9493507496671432.0
1583,-1.0825921756254126e+16
1584,-8888060694132446.0
1585,-1.2351160221803032e+16
1586,-1.007350451869204e+16
1587,-9493507496694696.0
1588,-9493507496640108.0
1589,-1.041329915966576e+16
1590,-8888060694217549.0
1591,-6380475970476798.0
1592,-9906130093416288.0
1593,-8888060694241666.0
1594,-8063852029288915.0
1595,-5775029168011296.0
1596,-1.0825921756307848e+16
1597,-1.2351160221746246e+16
1598,-1.2351160221752798e+16
1599,-8888060694185012.0
1600,-8888060694193475.0
1601,-1.0413299159721588e+16
1602,-9493507496666332.0
1603,-1.0413299159699784e+16
1604,-1.0825921756299614e+16
1605,-8888060694123218.0
1606,-8753080133674940.0
1607,-1.0413299159583626e+16
1608,-1.0825921756343176e+16
1609,-1.0413299159608644e+16
1610,-1.0413299159620126e+16
1611,-8888060694216576.0
1612,-1.041329915960908e+16
1613,-8888060694188085.0
1614,-8888060694223881.0
1615,-7300267633430936.0
1616,-7300267633456029.0
1617,-1.041329915966304e+16
1618,-1.041329915965289e+16
1619,-9493507496648116.0
1620,-1.1198110262051526e+16
1621,-9493507496637994.0
1622,-1.0413299159626146e+16
1623,-7968269031140657.0
1624,-8888060694139861.0
1625,-1.041329915965757e+16
1626,-1.0825921756345162e+16
1627,-8888060694159037.0
1628,-1.0825921756267282e+16
1629,-1.161073285882717e+16
1630,-8888060694064602.0
1631,-1.0413299159586884e+16
1632,-1.0413299159566438e+16
1633,-8888060694186014.0
1634,-8888060694170332.0
1635,-8888060694176487.0
1636,-1.0825921756383658e+16
1637,-1.0825921756317236e+16
1638,-1.0825921756314734e+16
1639,-1.0825921756339402e+16
1640,-1.0825921756264582e+16
1641,-1.0825921756341666e+16
1642,-8888060694140974.0
1643,-8888060694145354.0
1644,-8888060694141476.0
1645,-1.0825921756304884e+16
1646,-9906130093378180.0
1647,-8888060694198812.0
1648,-1.041329915964587e+16
1649,-1.2351160221807048e+16
1650,-9493507496669946.0
1651,-9493507496667776.0
1652,-1.2351160221820342e+16
1653,-1.2351160221816048e+16
1654,-8888060694191630.0
1655,-8888060694215058.0
1656,-8888060694196662.0
1657,-8888060694191962.0
1658,-8888060694195246.0
1659,-1.0413299159649886e+16
1660,-1.1610732858853856e+16
1661,-1.0825921756189844e+16
1662,-8888060694055302.0
1663,-1.0825921756249378e+16
1664,-1.0825921756171566e+16
1665,-1.0825921756294736e+16
1666,-1.0825921756264868e+16
1667,-1.0825921756234532e+16
1668,-1.0825921756273236e+16
1669,-1.082592175629529e+16
1670,-8888060694096280.0
1671,-1.0825921756288152e+16
1672,-9906130093216784.0
1673,-1.0825921756266588e+16
1674,-1.0825921756312936e+16
1675,-1.0825921756339154e+16
1676,-1.0825921756336916e+16
1677,-1.0825921756326562e+16
1678,-1.0825921756181712e+16
1679,-1.08259217562406e+16
1680,-1.0825921756276402e+16
1681,-1.0825921756319708e+16
1682,-1.0825921756282892e+16
1683,-1.0825921756351824e+16
1684,-8888060694176016.0
1685,-8888060694185159.0
1686,-1.082592175636843e+16
1687,-8888060694193614.0
1688,-1.0825921756336674e+16
1689,-7968269031181761.0
1690,-8888060694164292.0
1691,-8888060694176115.0
1692,-8888060694119498.0
1693,-1.0413299159608554e+16
1694,-8888060694172843.0
1695,-8888060694191891.0
1696,-1.0825921756264838e+16
1697,-8888060694187210.0
1698,-1.082592175622447e+16
1699,-1.0825921756263982e+16
1700,-1.0825921756289972e+16
1701,-1.0825921756273724e+16
1702,-1.2351160221727748e+16
1703,-1.0825921756312808e+16
1704,-1.082592175628383e+16
1705,-1.0825921756328666e+16
1706,-9906130093223854.0
1707,-1.0413299159600372e+16
1708,-1.0413299159594078e+16
1709,-1.0825921756307282e+16
1710,-1.0825921756333648e+16
1711,-1.0825921756292034e+16
1712,-1.0825921756311352e+16
1713,-8888060694123016.0
1714,-1.0413299159572652e+16
1715,-1.0413299159577662e+16
1716,-1.0413299159606398e+16
1717,-1.0413299159616658e+16
1718,-7300267633413382.0
1719,-1.041329915957242e+16
1720,-1.2351160221725846e+16
1721,-1.0413299159613958e+16
1722,-7300267633416997.0
1723,-1.0413299159615028e+16
1724,-1.235116022175718e+16
1725,-1.0825921756294788e+16
1726,-1.0413299159585512e+16
1727,-1.0413299159618868e+16
1728,-1.0413299159594108e+16
1729,-1.2351160221772182e+16
1730,-8548266053165314.0
1731,-9493507496678204.0
1732,-1.0413299159650388e+16
1733,-1.0413299159657638e+16
1734,-9493507496669728.0
1735,-9493507496659456.0
1736,-1.235116022184014e+16
1737,-9906130093241452.0
1738,-9906130093308252.0
1739,-9206628628539912.0
1740,-1.1144489690786962e+16
1741,-1.1144489690800524e+16
1742,-1.235116022176479e+16
1743,-1.2351160221764404e+16
1744,-1.0825921756252888e+16
1745,-1.0413299159580318e+16
1746,-1.0825921756313834e+16
1747,-8888060694131268.0
1748,-1.082592175628494e+16
1749,-1.16107328588488e+16
1750,-1.1431368558813456e+16
1751,-1.0825921756279468e+16
1752,-9493507496677908.0
1753,-1.0413299159620736e+16
1754,-1.082592175630504e+16
1755,-1.0825921756354242e+16
1756,-7968269031232409.0
1757,-1.041329915966567e+16
1758,-9906130093396044.0
1759,-1.082592175635485e+16
1760,-9906130093371134.0
1761,-1.082592175636348e+16
1762,-7968269031176816.0
1763,-1.0825921756362304e+16
1764,-9493507496683076.0
1765,-9493507496604092.0
1766,-9906130093349204.0
1767,-9906130093310516.0
1768,-1.23511602217997e+16
1769,-1.0825921756362224e+16
1770,-1.0413299159623916e+16
1771,-9493507496672680.0
1772,-9493507496656008.0
1773,-8888060694234754.0
1774,-1.2351160221788132e+16
1775,-1.2351160221810852e+16
1776,-1.041329915965847e+16
1777,-1.0413299159674858e+16
1778,-9493507496647024.0
1779,-1.1091573917831564e+16
1780,-7968269031193670.0
1781,-9493507496666694.0
1782,-1.041329915970183e+16
1783,-1.0413299159627936e+16
1784,-1.0413299159674714e+16
1785,-9812075431142332.0
1786,-9206628628700342.0
1787,-1.0413299159606986e+16
1788,-7300267633505208.0
1789,-1.0731867094138222e+16
1790,-1.0731867094177748e+16
1791,-1.235116022171748e+16
1792,-1.1431368558791244e+16
1793,-7968269031234662.0
1794,-1.1198110262095332e+16
1795,-1.2351160221812674e+16
1796,-1.082592175641608e+16
1797,-1.0413299159632048e+16
1798,-9493507496680036.0
1799,-1.0413299159672248e+16
1800,-9493507496680340.0
1801,-1.0413299159636698e+16
1802,-1.0413299159640604e+16
1803,-1.2351160221775276e+16
1804,-1.235116022180107e+16
1805,-8888060694217612.0
1806,-1.0731867094095374e+16
1807,-1.073186709407456e+16
1808,-9493507496663144.0
1809,-7300267633413423.0
1810,-8286836965682390.0
1811,-7300267633441555.0
1812,-7618835567899136.0
1813,-9493507496651122.0
1814,-1.0413299159699234e+16
1815,-1.0073504518722128e+16
1816,-9493507496697998.0
1817,-1.0413299159659332e+16
1818,-1.0413299159611128e+16
1819,-9206628628688954.0
1820,-5775029168079332.0
1821,-1.0413299159679824e+16
1822,-9812075431101812.0
1823,-7300267633517163.0
1824,-7968269031248938.0
1825,-8888060694213692.0
1826,-1.2351160221845844e+16
1827,-9493507496690316.0
1828,-8888060694203396.0
1829,-1.0413299159651404e+16
1830,-1.073186709407766e+16
1831,-1.1516678196539268e+16
1832,-7618835567886754.0
1833,-9493507496635052.0
1834,-1.0413299159641448e+16
1835,-9238128695558634.0
1836,-1.0413299159638324e+16
1837,-7618835567907079.0
1838,-1.0731867094091024e+16
1839,-1.0413299159686446e+16
1840,-7300267633386965.0
1841,-1.0413299159636972e+16
1842,-1.041329915968846e+16
1843,-1.08259217563811e+16
1844,-1.0825921756405672e+16
1845,-8888060694211446.0
1846,-9906130093396116.0
1847,-1.0825921756365884e+16
1848,-6960472992502676.0
1849,-1.0073504518649458e+16
1850,-9493507496674604.0
1851,-8888060694197665.0
1852,-7968269031252276.0
1853,-1.2351160221808924e+16
1854,-1.0413299159611326e+16
1855,-1.1610732858852642e+16
1856,-7968269031154984.0
1857,-8548266053183150.0
1858,-1.007350451859388e+16
1859,-9153712855660644.0
1860,-1.082592175636737e+16
1861,-1.007350451864609e+16
1862,-1.082592175624601e+16
1863,-1.0825921756248646e+16
1864,-1.082592175624862e+16
1865,-1.082592175626955e+16
1866,-1.0825921756274916e+16
1867,-8888060694155916.0
1868,-1.0825921756275222e+16
1869,-8888060694162005.0
1870,-1.2351160221741884e+16
1871,-1.082592175632197e+16
1872,-8888060694185865.0
1873,-8888060694130231.0
1874,-1.0413299159625116e+16
1875,-9493507496600002.0
1876,-1.0825921756321502e+16
1877,-1.2351160221742182e+16
1878,-1.0825921756336652e+16
1879,-1.1431368558838162e+16
1880,-1.2351160221810162e+16
1881,-1.0413299159544612e+16
1882,-1.0825921756289344e+16
1883,-1.0413299159586148e+16
1884,-1.0413299159569428e+16
1885,-1.0825921756306388e+16
1886,-1.0825921756283984e+16
1887,-1.082592175632448e+16
1888,-1.0825921756282192e+16
1889,-8888060694188119.0
1890,-9493507496661884.0
1891,-1.2351160221802618e+16
1892,-9493507496695978.0
1893,-1.1198110262116462e+16
1894,-9238128695584044.0
1895,-1.0825921756374794e+16
1896,-9206628628685256.0
1897,-1.114448969086059e+16
1898,-8888060694232379.0
1899,-8888060694228452.0
1900,-7968269031230330.0
1901,-7968269031204391.0
1902,-9812075431104952.0
1903,-8888060694148632.0
1904,-7968269031242276.0
1905,-1.0825921756346412e+16
1906,-8888060694185594.0
1907,-1.0825921756325062e+16
1908,-7968269031237580.0
1909,-7968269031215862.0
1910,-7968269031226696.0
1911,-1.1610732858789688e+16
1912,-7968269031102521.0
1913,-1.0413299159613882e+16
1914,-1.0731867094174864e+16
1915,-1.082592175629444e+16
1916,-7068931532780848.0
1917,-8888060694117143.0
1918,-7968269031225104.0
1919,-7968269031190152.0
1920,-1.0413299159601972e+16
1921,-1.0825921756240204e+16
1922,-1.2351160221698112e+16
1923,-9672871796599128.0
1924,-1.0825921756308384e+16
1925,-1.041329915956264e+16
1926,-1.0825921756242542e+16
1927,-1.143136855882162e+16
1928,-1.0825921756363026e+16
1929,-9493507496663998.0
1930,-1.1198110262125256e+16
1931,-7968269031224171.0
1932,-1.0413299159626192e+16
1933,-9906130093352654.0
1934,-8888060694165388.0
1935,-1.0825921756349292e+16
1936,-1.0413299159582478e+16
1937,-8888060694172704.0
1938,-1.0413299159612624e+16
1939,-8888060694144867.0
1940,-1.0413299159608212e+16
1941,-8888060694174806.0
1942,-1.1431368558769744e+16
1943,-8888060694180860.0
1944,-1.0825921756264092e+16
1945,-1.0825921756263212e+16
1946,-9385014150187224.0
1947,-1.0825921756289428e+16
1948,-1.0825921756346452e+16
1949,-1.0825921756305984e+16
1950,-1.235116022175804e+16
1951,-1.082592175627782e+16
1952,-1.082592175630667e+16
1953,-9906130093362712.0
1954,-1.0825921756320224e+16
1955,-1.0413299159629616e+16
1956,-9906130093232412.0
1957,-9906130093381978.0
1958,-9906130093265744.0
1959,-1.0413299159617694e+16
1960,-1.2351160221838966e+16
1961,-1.0413299159660754e+16
1962,-1.235116022181977e+16
1963,-1.2351160221802604e+16
1964,-1.235116022181063e+16
1965,-1.0413299159612806e+16
1966,-1.041329915963364e+16
1967,-1.2351160221709092e+16
1968,-1.082592175621483e+16
1969,-1.0825921756252046e+16
1970,-1.0825921756206758e+16
1971,-1.0825921756187436e+16
1972,-1.0825921756228366e+16
1973,-1.0825921756291484e+16
1974,-1.0825921756257684e+16
1975,-1.1016066167471606e+16
1976,-1.0825921756288058e+16
1977,-1.0825921756212332e+16
1978,-1.0825921756244642e+16
1979,-1.0825921756278268e+16
1980,-1.0825921756346176e+16
1981,-1.082592175625844e+16
1982,-1.0825921756326368e+16
1983,-1.0825921756340884e+16
1984,-1.2351160221764542e+16
1985,-1.0825921756316708e+16
1986,-1.0825921756314606e+16
1987,-1.0825921756365316e+16
1988,-8888060694182378.0
1989,-8888060694164342.0
1990,-1.082592175631308e+16
1991,-1.0825921756325152e+16
1992,-1.0825921756302056e+16
1993,-8888060694182143.0
1994,-8888060694111207.0
1995,-8888060694170378.0
1996,-1.082592175627363e+16
1997,-1.0825921756278824e+16
1998,-1.0825921756254748e+16
1999,-8888060694107986.0
2000,-1.0825921756250428e+16
2001,-1.0825921756275226e+16
2002,-1.0825921756308278e+16
2003,-1.0825921756299028e+16
2004,-1.0825921756277652e+16
2005,-8888060694157880.0
2006,-1.0413299159592956e+16
2007,-1.0825921756314148e+16
2008,-1.2669728156218882e+16
2009,-1.0413299159580916e+16
2010,-1.2351160221750644e+16
2011,-9238128695572408.0
2012,-1.0413299159616768e+16
2013,-1.2351160221765994e+16
2014,-1.2351160221758418e+16
2015,-1.313597132422311e+16
2016,-1.041329915958259e+16
2017,-1.0413299159580508e+16
2018,-8753080133730568.0
2019,-8888060694215978.0
2020,-1.0413299159655984e+16
2021,-1.1198110262148332e+16
2022,-1.0825921756347188e+16
2023,-7968269031213919.0
2024,-1.0825921756262952e+16
2025,-1.08259217562238e+16
2026,-1.0731867094073396e+16
2027,-1.0731867094076586e+16
2028,-1.0731867094066388e+16
2029,-1.2669728156224966e+16
2030,-1.082592175630066e+16
2031,-1.0825921756318176e+16
2032,-8888060694149156.0
2033,-1.082592175630584e+16
2034,-1.2669728156228024e+16
2035,-1.0825921756304858e+16
2036,-1.2669728156200398e+16
2037,-1.266972815619555e+16
2038,-9206628628548816.0
2039,-8888060694168978.0
2040,-1.0825921756227174e+16
2041,-8234377296750400.0
2042,-8888060694153798.0
2043,-1.0413299159597944e+16
2044,-7968269031187631.0
2045,-9672871796632488.0
2046,-1.0413299159627108e+16
2047,-1.0413299159616294e+16
2048,-1.0413299159638076e+16
2049,-1.0413299159625458e+16
2050,-1.0413299159589272e+16
2051,-9153712855678340.0
2052,-1.0413299159653278e+16
2053,-9493507496646722.0
2054,-1.041329915968813e+16
2055,-1.1431368558800256e+16
2056,-8888060694219167.0
2057,-1.1431368558848308e+16
2058,-9906130093318284.0
2059,-1.082592175639477e+16
2060,-1.041329915958726e+16
2061,-1.0825921756340822e+16
2062,-1.0413299159648702e+16
2063,-1.1431368558862034e+16
2064,-1.2351160221805552e+16
2065,-9493507496674424.0
2066,-1.1610732858835918e+16
2067,-8548266053223462.0
2068,-1.0413299159619986e+16
2069,-9153712855695866.0
2070,-1.0413299159660696e+16
2071,-1.0413299159688642e+16
2072,-8286836965686255.0
2073,-8753080133713981.0
2074,-1.0690941195828586e+16
2075,-1.2351160221797248e+16
2076,-8888060694232855.0
2077,-1.0413299159633528e+16
2078,-1.0413299159662132e+16
2079,-9493507496647930.0
2080,-9493507496675274.0
2081,-9493507496659834.0
2082,-7300267633408000.0
2083,-1.04132991596232e+16
2084,-1.041329915967772e+16
2085,-1.0413299159664336e+16
2086,-1.0731867094110088e+16
2087,-1.0731867094099792e+16
2088,-1.073186709411614e+16
2089,-9493507496727068.0
2090,-1.0413299159638392e+16
2091,-7618835567892042.0
2092,-1.0413299159626562e+16
2093,-8888060694217184.0
2094,-5775029168015459.0
2095,-9206628628655486.0
2096,-1.041329915970347e+16
2097,-7618835567902958.0
2098,-8888060694198766.0
2099,-1.0413299159733828e+16
2100,-6380475970487340.0
2101,-1.0413299159643646e+16
2102,-9493507496643088.0
2103,-1.073186709413956e+16
2104,-1.0731867094068608e+16
2105,-7618835567862277.0
2106,-1.0413299159722448e+16
2107,-8888060694148082.0
2108,-1.235116022182854e+16
2109,-1.041329915966469e+16
2110,-7968269031240934.0
2111,-1.041329915961779e+16
2112,-8888060694215182.0
2113,-1.041329915964467e+16
2114,-1.0278318599136898e+16
2115,-7968269031203788.0
2116,-8888060694247257.0
2117,-9493507496622910.0
2118,-8888060694237800.0
2119,-1.0413299159671614e+16
2120,-7968269031249188.0
2121,-9153712855662648.0
2122,-1.0413299159669374e+16
2123,-1.0073504518673144e+16
2124,-7968269031193052.0
2125,-1.0413299159623884e+16
2126,-1.073186709408777e+16
2127,-9856185439959900.0
2128,-1.0413299159634496e+16
2129,-1.0413299159682084e+16
2130,-1.0413299159623078e+16
2131,-8888060694221938.0
2132,-1.0731867094110224e+16
2133,-1.0413299159656824e+16
2134,-7968269031245316.0
2135,-1.0413299159673864e+16
2136,-7618835567936640.0
2137,-1.0413299159665552e+16
2138,-9493507496650448.0
2139,-1.082592175638057e+16
2140,-1.0278318599124832e+16
2141,-9906130093395700.0
2142,-1.1431368558838682e+16
2143,-1.0413299159631892e+16
2144,-1.0413299159645888e+16
2145,-1.0413299159632894e+16
2146,-8888060694189852.0
2147,-1.0825921756359834e+16
2148,-9493507496643744.0
2149,-9493507496639638.0
2150,-8888060694153026.0
2151,-8888060694238552.0
2152,-5697359175283352.0
2153,-7968269031190128.0
2154,-7300267633430948.0
2155,-1.1431368558802184e+16
2156,-9906130093266614.0
2157,-1.0825921756301446e+16
2158,-8888060694133938.0
2159,-8888060694152324.0
2160,-8888060694180864.0
2161,-1.082592175631402e+16
2162,-1.0825921756197074e+16
2163,-1.0825921756263978e+16
2164,-1.0825921756309744e+16
2165,-8888060694173314.0
2166,-1.0413299159622774e+16
2167,-1.082592175632387e+16
2168,-1.2351160221742144e+16
2169,-1.2351160221750242e+16
2170,-1.1198110262027024e+16
2171,-1.235116022179548e+16
2172,-9906130093403032.0
2173,-1.0413299159608128e+16
2174,-1.082592175629884e+16
2175,-1.0825921756268148e+16
2176,-1.0825921756276768e+16
2177,-8888060694122314.0
2178,-1.0825921756317552e+16
2179,-1.2351160221802108e+16
2180,-1.0413299159548922e+16
2181,-1.2351160221771544e+16
2182,-1.2351160221741164e+16
2183,-1.0413299159601868e+16
2184,-9493507496657148.0
2185,-1.2351160221821544e+16
2186,-1.109203002199289e+16
2187,-8888060694203816.0
2188,-7968269031201994.0
2189,-8548266053064048.0
2190,-6960472992456282.0
2191,-8898334054626031.0
2192,-7300267633451773.0
2193,-7300267633426705.0
2194,-6960472992414964.0
2195,-1.2216179661324818e+16
2196,-1.0413299159680632e+16
2197,-1.0413299159655448e+16
2198,-1.0825921756372034e+16
2199,-8888060694164936.0
2200,-7968269031228464.0
2201,-1.1198110262114052e+16
2202,-7968269031188870.0
2203,-8888060694225144.0
2204,-9206628628644504.0
2205,-1.073186709412128e+16
2206,-9906130093409928.0
2207,-1.0825921756336204e+16
2208,-8888060694119644.0
2209,-7968269031164737.0
2210,-7968269031234272.0
2211,-9493507496671916.0
2212,-1.0413299159650372e+16
2213,-7300267633437680.0
2214,-7968269031223084.0
2215,-1.0413299159676856e+16
2216,-1.2351160221772356e+16
2217,-7991986278530064.0
2218,-9757002541339106.0
2219,-9757002541340398.0
2220,-1.0413299159696282e+16
2221,-1.082592175629346e+16
2222,-1.0825921756305512e+16
2223,-1.235116022169679e+16
2224,-8888060694143403.0
2225,-1.0073504518616152e+16
2226,-8888060694157715.0
2227,-1.0825921756326164e+16
2228,-1.2351160221719932e+16
2229,-8888060694128306.0
2230,-1.041329915962102e+16
2231,-1.2351160221755094e+16
2232,-1.082592175635128e+16
2233,-1.0825921756341364e+16
2234,-1.082592175631515e+16
2235,-1.041329915957454e+16
2236,-8888060694124428.0
2237,-1.0825921756251986e+16
2238,-1.235116022175005e+16
2239,-7300267633417524.0
2240,-1.235116022178264e+16
2241,-1.2351160221789774e+16
2242,-1.0413299159638468e+16
2243,-8888060694204938.0
2244,-1.0413299159648478e+16
2245,-7968269031251026.0
2246,-1.0278318599121098e+16
2247,-7300267633392396.0
2248,-9493507496666434.0
2249,-1.0413299159653392e+16
2250,-1.0413299159641576e+16
2251,-7696583820209134.0
2252,-1.0825921756331748e+16
2253,-8888060694200386.0
2254,-9906130093363352.0
2255,-8888060694149456.0
2256,-1.0413299159595728e+16
2257,-8888060694137964.0
2258,-1.235116022179582e+16
2259,-8888060694176736.0
2260,-9906130093383680.0
2261,-1.0413299159611988e+16
2262,-8888060694174140.0
2263,-1.082592175623828e+16
2264,-1.0825921756177404e+16
2265,-1.0413299159579474e+16
2266,-1.082592175630092e+16
2267,-1.0825921756222116e+16
2268,-1.0825921756250008e+16
2269,-1.041329915962213e+16
2270,-1.0825921756327768e+16
2271,-1.0825921756310562e+16
2272,-1.082592175630497e+16
2273,-1.1431368558794388e+16
2274,-1.082592175634637e+16
2275,-1.0825921756352602e+16
2276,-1.0825921756341184e+16
2277,-8888060694150111.0
2278,-9493507496632190.0
2279,-1.2351160221831956e+16
2280,-9493507496675192.0
2281,-8888060694193618.0
2282,-8888060694174160.0
2283,-1.2351160221802348e+16
2284,-1.2351160221819096e+16
2285,-1.0413299159621762e+16
2286,-1.2351160221822072e+16
2287,-1.082592175627088e+16
2288,-1.0825921756307936e+16
2289,-8888060694077698.0
2290,-1.0825921756203746e+16
2291,-1.0825921756256472e+16
2292,-1.0825921756226292e+16
2293,-1.0825921756201534e+16
2294,-1.08259217562301e+16
2295,-1.082592175619184e+16
2296,-8888060694113453.0
2297,-1.0825921756270084e+16
2298,-1.082592175628526e+16
2299,-1.0825921756222672e+16
2300,-1.082592175624227e+16
2301,-1.0825921756285988e+16
2302,-1.2351160221719066e+16
2303,-1.2351160221731812e+16
2304,-1.041329915955417e+16
2305,-1.0825921756340016e+16
2306,-1.0825921756335692e+16
2307,-1.0825921756337334e+16
2308,-1.0825921756326796e+16
2309,-1.0825921756295936e+16
2310,-1.08259217563451e+16
2311,-1.082592175632638e+16
2312,-1.0413299159590746e+16
2313,-8888060694180546.0
2314,-1.2351160221769168e+16
2315,-8888060694179386.0
2316,-8888060694169536.0
2317,-1.1198110262068614e+16
2318,-1.2351160221777032e+16
2319,-1.2351160221770844e+16
2320,-1.2351160221779736e+16
2321,-1.0825921756310258e+16
2322,-1.0825921756363078e+16
2323,-1.0413299159604168e+16
2324,-8888060694181492.0
2325,-8888060694166904.0
2326,-8888060694187472.0
2327,-1.0825921756323296e+16
2328,-8888060694134804.0
2329,-8888060694161981.0
2330,-8888060694167016.0
2331,-1.0825921756226932e+16
2332,-1.0825921756211694e+16
2333,-8888060694068190.0
2334,-1.0825921756285486e+16
2335,-1.0825921756282094e+16
2336,-1.0825921756233376e+16
2337,-1.0413299159598448e+16
2338,-1.0825921756295204e+16
2339,-1.08259217563248e+16
2340,-1.0825921756229686e+16
2341,-8888060694164646.0
2342,-1.2351160221739788e+16
2343,-1.0825921756317636e+16
2344,-1.0413299159560632e+16
2345,-1.0413299159556506e+16
2346,-1.0413299159599288e+16
2347,-1.0413299159604834e+16
2348,-1.041329915955976e+16
2349,-9791563587222358.0
2350,-8888060694111648.0
2351,-8888060694156271.0
2352,-1.0825921756312268e+16
2353,-1.0825921756276892e+16
2354,-7300267633412078.0
2355,-7300267633406731.0
2356,-1.2351160221788346e+16
2357,-1.2351160221763584e+16
2358,-9493507496591864.0
2359,-7968269031223686.0
2360,-1.0413299159659e+16
2361,-1.041329915962312e+16
2362,-1.0825921756256654e+16
2363,-1.2351160221809424e+16
2364,-8888060694178284.0
2365,-8888060694156022.0
2366,-1.2669728156240042e+16
2367,-1.2669728156215532e+16
2368,-9206628628628894.0
2369,-1.0731867094043524e+16
2370,-1.1144489690805e+16
2371,-1.2351160221772882e+16
2372,-1.073186709406834e+16
2373,-9206628628566032.0
2374,-8888060694073477.0
2375,-8888060694145112.0
2376,-1.0825921756248206e+16
2377,-8888060694056766.0
2378,-1.2351160221810944e+16
2379,-1.0825921756286286e+16
2380,-1.0413299159621522e+16
2381,-1.2351160221773152e+16
2382,-8888060694155721.0
2383,-1.0825921756333236e+16
2384,-1.0825921756283576e+16
2385,-8753080133687652.0
2386,-1.2351160221808646e+16
2387,-1.0413299159643888e+16
2388,-1.0073504518658112e+16
2389,-7968269031248954.0
2390,-8888060694223387.0
2391,-9906130093396052.0
2392,-1.0413299159665498e+16
2393,-9906130093383734.0
2394,-1.143136855882548e+16
2395,-9906130093316516.0
2396,-9906130093400388.0
2397,-1.0825921756306516e+16
2398,-9493507496662340.0
2399,-6380475970513472.0
2400,-7165287072978889.0
2401,-1.0413299159654582e+16
2402,-1.1431368558827942e+16
2403,-1.0413299159625956e+16
2404,-1.0825921756383344e+16
2405,-1.0825921756366562e+16
2406,-1.041329915962663e+16
2407,-1.2351160221822164e+16
2408,-1.041329915962983e+16
2409,-1.082592175640894e+16
2410,-1.0825921756339038e+16
2411,-9493507496679410.0
2412,-8888060694198354.0
2413,-1.0413299159654096e+16
2414,-1.0413299159627328e+16
2415,-1.2351160221808856e+16
2416,-1.0413299159651462e+16
2417,-9493507496663166.0
2418,-1.0413299159645302e+16
2419,-1.041329915964717e+16
2420,-7968269031249890.0
2421,-7968269031133593.0
2422,-1.0278318599156064e+16
2423,-7300267633414062.0
2424,-7968269031226647.0
2425,-1.0413299159522662e+16
2426,-1.0413299159613248e+16
2427,-7618835567865519.0
2428,-9906130093356740.0
2429,-1.2351160221836094e+16
2430,-1.2351160221811944e+16
2431,-8888060694250157.0
2432,-1.1198110262118886e+16
2433,-8888060694216268.0
2434,-1.041329915963832e+16
2435,-7968269031216758.0
2436,-1.0073504518666276e+16
2437,-1.0413299159675776e+16
2438,-8888060694241298.0
2439,-1.0413299159664422e+16
2440,-1.0731867094104334e+16
2441,-7968269031266891.0
2442,-9206628628721542.0
2443,-1.0825921756401256e+16
2444,-7968269031235192.0
2445,-1.0413299159686656e+16
2446,-9493507496644784.0
2447,-9812075431050040.0
2448,-9206628628663692.0
2449,-1.073186709411584e+16
2450,-1.0731867094069716e+16
2451,-8286836965690786.0
2452,-8286836965621631.0
2453,-1.0073504518671916e+16
2454,-8548266053211196.0
2455,-8888060694226596.0
2456,-1.0413299159625336e+16
2457,-1.0413299159641742e+16
2458,-7968269031241079.0
2459,-9493507496694354.0
2460,-8888060694213268.0
2461,-9493507496664388.0
2462,-7968269031236536.0
2463,-1.0413299159654108e+16
2464,-9493507496588576.0
2465,-1.0731867094094592e+16
2466,-1.0413299159663886e+16
2467,-7968269031221502.0
2468,-9812075431170770.0
2469,-9812075431169864.0
2470,-1.082592175631278e+16
2471,-9206628628585572.0
2472,-9206628628625284.0
2473,-1.0731867094095108e+16
2474,-1.1367064193414286e+16
2475,-8888060694121770.0
2476,-9493507496664818.0
2477,-9493507496662246.0
2478,-1.0825921756360832e+16
2479,-9493507496684934.0
2480,-1.0825921756377768e+16
2481,-1.1431368558834788e+16
2482,-9493507496652890.0
2483,-1.2351160221838762e+16
2484,-1.2351160221819224e+16
2485,-9493507496665478.0
2486,-8888060694210310.0
2487,-1.1610732858788646e+16
2488,-7968269031208631.0
2489,-8888060694209356.0
2490,-1.1833289428015402e+16
2491,-1.007350451866832e+16
2492,-9906130093356504.0
2493,-8888060694211689.0
2494,-8888060694190832.0
2495,-1.041329915967866e+16
2496,-1.0825921756302862e+16
2497,-1.0413299159605334e+16
2498,-1.0413299159674002e+16
2499,-1.0073504518675608e+16
2500,-1.2351160221808932e+16
2501,-1.0413299159637148e+16
2502,-8888060694193379.0
2503,-9493507496685274.0
2504,-8888060694066782.0
2505,-8888060694141805.0
2506,-1.0825921756309708e+16
2507,-1.0413299159530028e+16
2508,-1.0825921756309244e+16
2509,-1.2351160221746652e+16
2510,-1.082592175632774e+16
2511,-1.0413299159609836e+16
2512,-1.0413299159574886e+16
2513,-9906130093314542.0
2514,-8888060694140150.0
2515,-1.0413299159631292e+16
2516,-1.0413299159598068e+16
2517,-1.0413299159630996e+16
2518,-9493507496641410.0
2519,-8888060694139730.0
2520,-1.0825921756310366e+16
2521,-1.0413299159583896e+16
2522,-1.0825921756304674e+16
2523,-1.041329915965608e+16
2524,-1.0825921756392748e+16
2525,-1.0172238359012698e+16
2526,-9493507496651696.0
2527,-9493507496679378.0
2528,-1.0413299159655008e+16
2529,-1.041329915965021e+16
2530,-1.0413299159647876e+16
2531,-8888060694122588.0
2532,-8888060694132984.0
2533,-1.2351160221744574e+16
2534,-1.0825921756313596e+16
2535,-1.0825921756247708e+16
2536,-1.0825921756291318e+16
2537,-1.0825921756317168e+16
2538,-1.0413299159595726e+16
2539,-1.0413299159599852e+16
2540,-8888060694194466.0
2541,-8888060694173029.0
2542,-1.0413299159611476e+16
2543,-1.1610732858867562e+16
2544,-1.2351160221820936e+16
2545,-8888060694213120.0
2546,-1.1431368558821186e+16
2547,-8888060694205454.0
2548,-1.0073504518577492e+16
2549,-1.0413299159604644e+16
2550,-1.082592175590223e+16
2551,-1.2351160221803666e+16
2552,-1.0413299159647948e+16
2553,-8898334054636669.0
2554,-6380475970456087.0
2555,-8888060694241700.0
2556,-7968269031279852.0
2557,-1.0413299159667878e+16
2558,-8085078735827708.0
2559,-9493507496668140.0
2560,-8888060694212240.0
2561,-7968269031234580.0
2562,-8888060694221880.0
2563,-7968269031226434.0
2564,-7968269031193134.0
2565,-8548266053219729.0
2566,-8888060694213997.0
2567,-9493507496654592.0
2568,-1.0825921756334768e+16
2569,-8888060694169710.0
2570,-7968269031234474.0
2571,-1.041329915959886e+16
2572,-1.0413299159616826e+16
2573,-9906130093327888.0
2574,-9078205105407776.0
2575,-9493507496647174.0
2576,-7300267633396577.0
2577,-8752806403031417.0
2578,-1.0413299159694896e+16
2579,-1.0073504518713834e+16
2580,-7300267633404792.0
2581,-1.0413299159636396e+16
2582,-1.0413299159640346e+16
2583,-1.0825921756291386e+16
2584,-7968269031196820.0
2585,-1.0825921756347436e+16
2586,-8888060694146019.0
2587,-8888060694156152.0
2588,-1.2351160221800284e+16
2589,-8888060694199447.0
2590,-1.0825921756319684e+16
2591,-9906130093314526.0
2592,-1.0413299159582544e+16
2593,-8888060694145146.0
2594,-1.0413299159603544e+16
2595,-1.235116022176504e+16
2596,-1.0825921756258816e+16
2597,-1.0825921756353176e+16
2598,-1.082592175626434e+16
2599,-1.0825921756278468e+16
2600,-9153712855466660.0
2601,-1.2351160221803808e+16
2602,-1.0413299159674142e+16
2603,-1.0413299159667436e+16
2604,-9238128695603190.0
2605,-9493507496694668.0
2606,-9906130093392088.0
2607,-7968269031162407.0
2608,-7968269031150813.0
2609,-7968269031193453.0
2610,-6380475970445537.0
2611,-1.0413299159619462e+16
2612,-9493507496626532.0
2613,-9493507496657316.0
2614,-1.0413299159656024e+16
2615,-1.235116022179228e+16
2616,-1.0825921756374616e+16
2617,-1.0825921756324916e+16
2618,-1.0825921756307484e+16
2619,-1.0825921756319842e+16
2620,-8888060694165198.0
2621,-8888060694172452.0
2622,-8888060694163976.0
2623,-1.0825921756297286e+16
2624,-1.0825921756269392e+16
2625,-1.0413299159511732e+16
2626,-9906130093374912.0
2627,-1.0413299159619276e+16
2628,-1.082592175619471e+16
2629,-1.082592175618122e+16
2630,-1.0825921756250578e+16
2631,-1.082592175619324e+16
2632,-1.0825921756221498e+16
2633,-1.0825921756284804e+16
2634,-1.0825921756238272e+16
2635,-1.0825921756361794e+16
2636,-9906130093343688.0
2637,-1.0825921756352928e+16
2638,-8888060694105956.0
2639,-1.0825921756322848e+16
2640,-1.143136855880133e+16
2641,-1.0413299159675428e+16
2642,-1.0413299159586812e+16
2643,-1.2351160221815694e+16
2644,-1.0825921756371988e+16
2645,-1.2351160221809032e+16
2646,-1.2351160221822748e+16
2647,-1.1431368558823764e+16
2648,-8888060694208449.0
2649,-8888060694212071.0
2650,-1.0413299159627844e+16
2651,-8888060694201837.0
2652,-1.0825921756215162e+16
2653,-1.0825921756310584e+16
2654,-1.2351160221736352e+16
2655,-1.0825921756234728e+16
2656,-1.0825921756266606e+16
2657,-1.0825921756254736e+16
2658,-8888060694109141.0
2659,-8888060694103951.0
2660,-1.0825921756251044e+16
2661,-1.082592175625992e+16
2662,-1.0825921756257308e+16
2663,-1.0825921756271808e+16
2664,-1.0825921756305956e+16
2665,-1.082592175627131e+16
2666,-1.0825921756294726e+16
2667,-8888060694181208.0
2668,-1.0413299159595866e+16
2669,-1.041329915961228e+16
2670,-1.08259217562733e+16
2671,-1.0413299159595292e+16
2672,-1.082592175634936e+16
2673,-1.0825921756330536e+16
2674,-1.0825921756326072e+16
2675,-1.2351160221789972e+16
2676,-8888060694168444.0
2677,-8888060694143568.0
2678,-1.041329915953339e+16
2679,-1.0825921756276224e+16
2680,-1.0825921756272328e+16
2681,-1.0825921756198416e+16
2682,-1.0825921756240126e+16
2683,-1.082592175614016e+16
2684,-9906130093266078.0
2685,-1.0825921756232804e+16
2686,-1.0825921756289704e+16
2687,-8888060694107245.0
2688,-1.235116022175474e+16
2689,-1.0413299159602252e+16
2690,-8888060694033974.0
2691,-1.041329915958499e+16
2692,-7300267633408492.0
2693,-1.2351160221766516e+16
2694,-7300267633405039.0
2695,-1.2351160221748644e+16
2696,-1.2351160221759692e+16
2697,-9493507496594208.0
2698,-1.1198110262040714e+16
2699,-9493507496612746.0
2700,-1.0413299159622344e+16
2701,-1.0413299159616198e+16
2702,-1.2351160221834984e+16
2703,-1.0073504518613798e+16
2704,-7968269031220128.0
2705,-9493507496676416.0
2706,-1.1431368558851468e+16
2707,-1.0413299159655022e+16
2708,-9493507496657952.0
2709,-6380475970447540.0
2710,-8888060694231184.0
2711,-1.0096274504407114e+16
2712,-1.0825921756211158e+16
2713,-9206628628654838.0
2714,-1.0731867094083004e+16
2715,-1.235116022176599e+16
2716,-1.0413299159627288e+16
2717,-8286836965649434.0
2718,-9206628628626584.0
2719,-1.1431368558794524e+16
2720,-1.2351160221761506e+16
2721,-1.041329915964225e+16
2722,-1.3135971324235652e+16
2723,-1.0825921756369578e+16
2724,-1.0413299159650804e+16
2725,-1.0413299159644228e+16
2726,-1.2351160221791542e+16
2727,-8753080133656495.0
2728,-1.0825921756357988e+16
2729,-8888060694204571.0
2730,-1.1431368558813792e+16
2731,-7968269031249024.0
2732,-7968269031254611.0
2733,-8888060694189122.0
2734,-9906130093392720.0
2735,-1.235116022181078e+16
2736,-7968269031217684.0
2737,-9493507496675068.0
2738,-1.041329915963436e+16
2739,-8888060694198135.0
2740,-1.235116022181181e+16
2741,-7968269031231374.0
2742,-1.0825921756367914e+16
2743,-9906130093382484.0
2744,-8888060694200696.0
2745,-1.2351160221792134e+16
2746,-9493507496659814.0
2747,-1.0825921756387314e+16
2748,-9493507496669936.0
2749,-8888060694227976.0
2750,-1.0278318599140596e+16
2751,-1.0413299159646766e+16
2752,-8888060694168746.0
2753,-1.1198110262076716e+16
2754,-8888060694075402.0
2755,-1.041329915963931e+16
2756,-1.0731867094147332e+16
2757,-1.0731867094171314e+16
2758,-1.0413299159690472e+16
2759,-9206628628651598.0
2760,-9206628628676690.0
2761,-1.0825921756381448e+16
2762,-1.235116022180161e+16
2763,-1.0825921756323328e+16
2764,-1.0486127115366672e+16
2765,-8888060694088216.0
2766,-1.0413299159624446e+16
2767,-1.0073504518696974e+16
2768,-7300267633420654.0
2769,-1.04132991596491e+16
2770,-1.0413299159624728e+16
2771,-9493507496682106.0
2772,-7300267633420982.0
2773,-1.0731867094063554e+16
2774,-1.2669728156251374e+16
2775,-8888060694219221.0
2776,-1.0731867094088722e+16
2777,-1.0731867094085638e+16
2778,-8286836965707638.0
2779,-1.0731867094095212e+16
2780,-9812075431147396.0
2781,-1.0731867094145528e+16
2782,-1.0731867094147628e+16
2783,-1.073186709413192e+16
2784,-1.041329915964552e+16
2785,-1.1431368558823872e+16
2786,-1.0413299159724616e+16
2787,-9493507496657468.0
2788,-1.0413299159715406e+16
2789,-1.041329915959202e+16
2790,-7300267633444483.0
2791,-1.151667819659461e+16
2792,-7300267633488300.0
2793,-7968269031198568.0
2794,-1.0413299159683758e+16
2795,-1.041329915964961e+16
2796,-1.0731867094154814e+16
2797,-8888060694128762.0
2798,-1.0731867094113974e+16
2799,-9493507496662310.0
2800,-7300267633484226.0
2801,-1.0413299159664768e+16
2802,-9906130093407470.0
2803,-1.0413299159603048e+16
2804,-9333077155689572.0
2805,-8548266053243467.0
2806,-1.0413299159704608e+16
2807,-1.041329915962012e+16
2808,-1.0825921756375802e+16
2809,-1.0278318599139062e+16
2810,-9493507496658172.0
2811,-9906130093372810.0
2812,-9906130093377796.0
2813,-1.0413299159606746e+16
2814,-1.2351160221770048e+16
2815,-1.0825921756432336e+16
2816,-1.082592175630134e+16
2817,-8888060694211467.0
2818,-1.1431368558828412e+16
2819,-1.0413299159595698e+16
2820,-8888060694217116.0
2821,-8888060694238896.0
2822,-8888060694163894.0
2823,-8888060694023330.0
2824,-9906130093355560.0
2825,-1.0486127115360144e+16
2826,-1.2351160221814334e+16
2827,-1.0413299159625232e+16
2828,-9906130093304172.0
2829,-1.0413299159567606e+16
2830,-1.0413299159560138e+16
2831,-1.0413299159599132e+16
2832,-8888060694124774.0
2833,-1.2351160221714256e+16
2834,-1.0413299159566702e+16
2835,-1.0825921756327958e+16
2836,-1.2351160221747332e+16
2837,-8888060694186120.0
2838,-1.0413299159633742e+16
2839,-1.0825921756348872e+16
2840,-1.0413299159586752e+16
2841,-1.0413299159571648e+16
2842,-8888060694133809.0
2843,-1.2351160221783228e+16
2844,-1.2351160221772512e+16
2845,-9493507496665248.0
2846,-1.2351160221735158e+16
2847,-1.08259217563198e+16
2848,-8888060694158164.0
2849,-1.0413299159574134e+16
2850,-1.0825921756264816e+16
2851,-8888060694134624.0
2852,-1.0825921756297128e+16
2853,-8888060694126700.0
2854,-1.2351160221800426e+16
2855,-1.0413299159580256e+16
2856,-1.0413299159579944e+16
2857,-1.041329915958555e+16
2858,-1.0413299159586072e+16
2859,-1.119811026211809e+16
2860,-9238128695577568.0
2861,-1.0413299159635876e+16
2862,-1.0825921756322008e+16
2863,-7300267633411852.0
2864,-8888060694118446.0
2865,-1.2351160221803664e+16
2866,-1.2351160221761502e+16
2867,-1.0413299159679132e+16
2868,-9493507496677546.0
2869,-1.0413299159646052e+16
2870,-9906130093403532.0
2871,-6093597102512269.0
2872,-1.073186709420814e+16
2873,-1.0413299159668758e+16
2874,-9493507496641476.0
2875,-1.041329915962707e+16
2876,-7968269031195055.0
2877,-1.0413299159632566e+16
2878,-8888060694197831.0
2879,-8888060694213257.0
2880,-1.0413299159669108e+16
2881,-7968269031233211.0
2882,-8888060694184724.0
2883,-1.0825921756345846e+16
2884,-7968269031191981.0
2885,-7968269031207606.0
2886,-1.0825921756289476e+16
2887,-1.0413299159667126e+16
2888,-9493507496653714.0
2889,-6380475970513616.0
2890,-9493507496721172.0
2891,-1.2351160221789774e+16
2892,-6960472992473844.0
2893,-7300267633437607.0
2894,-7300267633483778.0
2895,-1.08259217562773e+16
2896,-1.0825921756297124e+16
2897,-8888060694155405.0
2898,-1.0413299159611348e+16
2899,-1.041329915958832e+16
2900,-1.2351160221781358e+16
2901,-8888060694139588.0
2902,-1.0413299159591114e+16
2903,-1.0825921756268628e+16
2904,-1.082592175626207e+16
2905,-7356789179238741.0
2906,-1.235116022175191e+16
2907,-8888060694225006.0
2908,-1.0413299159651922e+16
2909,-1.0413299159609302e+16
2910,-7300267633457438.0
2911,-1.041329915967364e+16
2912,-1.082592175637571e+16
2913,-1.0413299159668132e+16
2914,-6380475970463843.0
2915,-7300267633436511.0
2916,-1.0413299159665266e+16
2917,-8888060694172164.0
2918,-7165287072920312.0
2919,-1.08259217562949e+16
